Date,Rented_Bike_Count,Hour,Temperature_c,Humidity_percent,Wind speed_m_s,Visibility_10m,Dew point temperature_k,Solar Radiation (MJ/m2),Rainfall(mm),Snowfall (cm),Seasons,Holiday,Functioning Day
1/12/17,254,0,-5.2,37,2.2,2000,255.55,0,0,0,Winter,No Holiday,Yes
1/12/17,204,1,-5.5,38,0.8,2000,255.55,0,0,0,Winter,No Holiday,Yes
1/12/17,173,2,-6,39,1,2000,255.45,0,0,0,Winter,No Holiday,Yes
1/12/17,107,3,-6.2,40,0.9,2000,255.55,0,0,0,Winter,No Holiday,Yes
1/12/17,78,4,-6,36,2.3,2000,254.55,0,0,0,Winter,No Holiday,Yes
1/12/17,100,5,-6.4,37,1.5,2000,254.45,0,0,0,Winter,No Holiday,Yes
1/12/17,181,6,-6.6,35,1.3,2000,253.65,0,0,0,Winter,No Holiday,Yes
1/12/17,460,7,-7.4,38,0.9,2000,253.85,0,0,0,Winter,No Holiday,Yes
1/12/17,930,8,-7.6,37,1.1,2000,253.35,0.01,0,0,Winter,No Holiday,Yes
1/12/17,490,9,-6.5,27,0.5,1928,250.75,0.23,0,0,Winter,No Holiday,Yes
1/12/17,339,10,-3.5,24,1.2,1996,251.95,0.65,0,0,Winter,No Holiday,Yes
1/12/17,360,11,-0.5,21,1.3,1936,252.95,0.94,0,0,Winter,No Holiday,Yes
1/12/17,449,12,1.7,23,1.4,2000,255.95,1.11,0,0,Winter,No Holiday,Yes
1/12/17,451,13,2.4,25,1.6,2000,257.55,1.16,0,0,Winter,No Holiday,Yes
1/12/17,447,14,3,26,2,2000,258.55,1.01,0,0,Winter,No Holiday,Yes
1/12/17,463,15,2.1,36,3.2,2000,261.75,0.54,0,0,Winter,No Holiday,Yes
1/12/17,484,16,1.2,54,4.2,793,266.15,0.24,0,0,Winter,No Holiday,Yes
1/12/17,555,17,0.8,58,1.6,2000,266.65,0.08,0,0,Winter,No Holiday,Yes
1/12/17,862,18,0.6,66,1.4,2000,268.15,0,0,0,Winter,No Holiday,Yes
1/12/17,600,19,0,77,1.7,2000,269.65,0,0,0,Winter,No Holiday,Yes
1/12/17,426,20,-0.3,79,1.5,1913,269.65,0,0,0,Winter,No Holiday,Yes
1/12/17,405,21,-0.8,81,0.8,1687,269.55,0,0,0,Winter,No Holiday,Yes
1/12/17,398,22,-0.9,83,1.5,1380,269.75,0,0,0,Winter,No Holiday,Yes
1/12/17,323,23,-1.3,84,1,1265,269.55,0,0,0,Winter,No Holiday,Yes
2/12/17,328,0,-1.8,87,1.1,994,269.55,0,0,0,Winter,No Holiday,Yes
2/12/17,308,1,-2.2,86,0.6,990,268.95,0,0,0,Winter,No Holiday,Yes
2/12/17,262,2,-2.9,86,1.5,1256,268.25,0,0,0,Winter,No Holiday,Yes
2/12/17,167,3,-3.5,81,2.2,1221,266.95,0,0,0,Winter,No Holiday,Yes
2/12/17,89,4,-3.8,79,2,1167,266.25,0,0,0,Winter,No Holiday,Yes
2/12/17,79,5,-4,79,1.5,1202,266.05,0,0,0,Winter,No Holiday,Yes
2/12/17,70,6,-4.3,82,2.1,1178,266.25,0,0,0,Winter,No Holiday,Yes
2/12/17,146,7,-4.4,81,2.5,1276,266.05,0,0,0,Winter,No Holiday,Yes
2/12/17,219,8,-4.2,79,2.1,1436,265.85,0.01,0,0,Winter,No Holiday,Yes
2/12/17,328,9,-2.9,68,1.6,1487,265.25,0.3,0,0,Winter,No Holiday,Yes
2/12/17,334,10,-0.4,57,1.6,1309,265.35,0.8,0,0,Winter,No Holiday,Yes
2/12/17,388,11,1.9,49,1.8,1406,265.45,1,0,0,Winter,No Holiday,Yes
2/12/17,479,12,4.3,41,1.3,1666,265.35,1.09,0,0,Winter,No Holiday,Yes
2/12/17,606,13,6,36,1.8,1780,265.25,1.12,0,0,Winter,No Holiday,Yes
2/12/17,611,14,7.3,35,1.3,1955,266.05,0.99,0,0,Winter,No Holiday,Yes
2/12/17,589,15,7.6,41,2.3,1953,268.35,0.74,0,0,Winter,No Holiday,Yes
2/12/17,618,16,6.4,48,2.6,1945,269.35,0.22,0,0,Winter,No Holiday,Yes
2/12/17,572,17,6,51,2.5,1891,269.85,0.06,0,0,Winter,No Holiday,Yes
2/12/17,489,18,5.5,53,1.5,1697,269.85,0,0,0,Winter,No Holiday,Yes
2/12/17,385,19,5,52,2.3,1666,269.15,0,0,0,Winter,No Holiday,Yes
2/12/17,359,20,4.6,51,1.2,1585,268.55,0,0,0,Winter,No Holiday,Yes
2/12/17,377,21,4.1,55,1.2,1448,269.05,0,0,0,Winter,No Holiday,Yes
2/12/17,354,22,3.5,54,1.5,1446,268.25,0,0,0,Winter,No Holiday,Yes
2/12/17,366,23,4,56,1,1352,269.15,0,0,0,Winter,No Holiday,Yes
3/12/17,342,0,4,58,1.4,1296,269.65,0,0,0,Winter,No Holiday,Yes
3/12/17,227,1,3.9,69,1.7,485,271.95,0,0,0,Winter,No Holiday,Yes
3/12/17,228,2,3.3,79,1.4,830,273.15,0,0,0,Winter,No Holiday,Yes
3/12/17,117,3,3.4,71,1.6,1011,271.85,0,0.5,0,Winter,No Holiday,Yes
3/12/17,76,4,3.5,73,1,1060,272.35,0,0,0,Winter,No Holiday,Yes
3/12/17,32,5,3.9,75,1.9,914,273.05,0,0,0,Winter,No Holiday,Yes
3/12/17,13,6,3.4,86,2.5,278,274.35,0,1,0,Winter,No Holiday,Yes
3/12/17,22,7,3.1,91,1.2,129,274.85,0,0,0,Winter,No Holiday,Yes
3/12/17,85,8,3.2,92,1.8,244,275.15,0,0,0,Winter,No Holiday,Yes
3/12/17,152,9,3.5,91,1.8,231,275.25,0.02,2.5,0,Winter,No Holiday,Yes
3/12/17,200,10,4.4,89,2.2,257,275.85,0.24,0,0,Winter,No Holiday,Yes
3/12/17,273,11,5.1,87,1.4,321,276.25,0.25,0,0,Winter,No Holiday,Yes
3/12/17,333,12,5.8,85,1.7,349,276.55,0.43,0,0,Winter,No Holiday,Yes
3/12/17,495,13,6.8,81,1.9,390,276.85,0.6,0,0,Winter,No Holiday,Yes
3/12/17,563,14,7.6,76,1.2,422,276.75,0.69,0,0,Winter,No Holiday,Yes
3/12/17,621,15,8,73,1.6,433,276.55,0.53,0,0,Winter,No Holiday,Yes
3/12/17,598,16,7.6,77,1.6,399,276.95,0.2,0,0,Winter,No Holiday,Yes
3/12/17,545,17,6.7,82,1.5,358,276.95,0.05,0,0,Winter,No Holiday,Yes
3/12/17,443,18,6,84,1.9,327,276.55,0,0,0,Winter,No Holiday,Yes
3/12/17,422,19,5.7,85,1.7,309,276.45,0,0,0,Winter,No Holiday,Yes
3/12/17,397,20,5.2,87,1.4,253,276.35,0,0,0,Winter,No Holiday,Yes
3/12/17,385,21,4.7,87,1.2,247,275.85,0,0,0,Winter,No Holiday,Yes
3/12/17,350,22,4.3,89,1.8,201,275.75,0,0,0,Winter,No Holiday,Yes
3/12/17,303,23,3.9,90,1.3,194,275.55,0,0,0,Winter,No Holiday,Yes
4/12/17,285,0,4.2,88,0.6,216,275.45,0,0,0,Winter,No Holiday,Yes
4/12/17,186,1,4.3,87,0.5,221,275.45,0,0,0,Winter,No Holiday,Yes
4/12/17,112,2,4.4,87,1.8,207,275.55,0,0,0,Winter,No Holiday,Yes
4/12/17,65,3,3.6,85,2.3,206,274.45,0,0,0,Winter,No Holiday,Yes
4/12/17,41,4,2.8,89,1.5,130,274.25,0,0,0,Winter,No Holiday,Yes
4/12/17,82,5,2,83,2.7,253,272.65,0,0,0,Winter,No Holiday,Yes
4/12/17,200,6,1.2,76,3.7,371,270.65,0,0.1,0,Winter,No Holiday,Yes
4/12/17,498,7,0.2,68,3.4,702,268.15,0,0,0,Winter,No Holiday,Yes
4/12/17,937,8,-0.8,69,3.5,954,267.45,0.01,0,0,Winter,No Holiday,Yes
4/12/17,509,9,-1.5,47,4.2,1888,261.85,0.22,0,0,Winter,No Holiday,Yes
4/12/17,311,10,-1.1,40,4.5,2000,260.15,0.64,0,0,Winter,No Holiday,Yes
4/12/17,379,11,-0.5,41,4.1,1799,261.05,0.94,0,0,Winter,No Holiday,Yes
4/12/17,393,12,-0.3,38,4.8,1823,260.25,1.11,0,0,Winter,No Holiday,Yes
4/12/17,391,13,0,30,5.4,1938,257.65,1.17,0,0,Winter,No Holiday,Yes
4/12/17,338,14,0.1,27,4.5,2000,256.45,1.09,0,0,Winter,No Holiday,Yes
4/12/17,341,15,-0.1,25,5.8,2000,255.35,0.88,0,0,Winter,No Holiday,Yes
4/12/17,375,16,-0.2,23,4.7,2000,254.35,0.55,0,0,Winter,No Holiday,Yes
4/12/17,515,17,-1.3,26,5.3,2000,254.85,0.18,0,0,Winter,No Holiday,Yes
4/12/17,807,18,-2.1,29,3.9,2000,255.45,0,0,0,Winter,No Holiday,Yes
4/12/17,568,19,-2.9,32,3.2,2000,255.85,0,0,0,Winter,No Holiday,Yes
4/12/17,398,20,-3.6,38,3,2000,257.35,0,0,0,Winter,No Holiday,Yes
4/12/17,397,21,-4.6,43,4.5,2000,257.85,0,0,0,Winter,No Holiday,Yes
4/12/17,353,22,-5.3,45,2.5,2000,257.85,0,0,0,Winter,No Holiday,Yes
4/12/17,248,23,-5.8,44,2.4,2000,257.05,0,0,0,Winter,No Holiday,Yes
5/12/17,216,0,-6.1,42,2.6,2000,256.25,0,0,0,Winter,No Holiday,Yes
5/12/17,198,1,-6.5,41,2.8,2000,255.55,0,0,0,Winter,No Holiday,Yes
5/12/17,124,2,-6.8,41,2.5,2000,255.35,0,0,0,Winter,No Holiday,Yes
5/12/17,62,3,-6.9,39,2,2000,254.65,0,0,0,Winter,No Holiday,Yes
5/12/17,42,4,-7.2,34,3,2000,252.75,0,0,0,Winter,No Holiday,Yes
5/12/17,82,5,-7.4,33,2.6,2000,252.25,0,0,0,Winter,No Holiday,Yes
5/12/17,172,6,-7.4,34,3.2,2000,252.55,0,0,0,Winter,No Holiday,Yes
5/12/17,381,7,-7.5,33,2.2,2000,252.15,0,0,0,Winter,No Holiday,Yes
5/12/17,812,8,-8.1,36,1.6,2000,252.65,0.01,0,0,Winter,No Holiday,Yes
5/12/17,462,9,-7.6,31,1.3,1974,251.35,0.21,0,0,Winter,No Holiday,Yes
5/12/17,269,10,-5.5,26,2.8,1967,251.15,0.64,0,0,Winter,No Holiday,Yes
5/12/17,334,11,-3.9,25,0,1959,252.15,0,0,0,Winter,No Holiday,Yes
5/12/17,321,12,-2.3,25,0,1962,253.45,0,0,0,Winter,No Holiday,Yes
5/12/17,325,13,-1.6,27,0,1955,254.95,0,0,0,Winter,No Holiday,Yes
5/12/17,334,14,-1.1,28,0,2000,255.85,0,0,0,Winter,No Holiday,Yes
5/12/17,353,15,-0.7,28,0,2000,256.25,0,0,0,Winter,No Holiday,Yes
5/12/17,435,16,-0.5,30,0,2000,257.15,0,0,0,Winter,No Holiday,Yes
5/12/17,529,17,-1.6,35,0,2000,258.05,0,0,0,Winter,No Holiday,Yes
5/12/17,789,18,-2.6,40,0,2000,258.75,0,0,0,Winter,No Holiday,Yes
5/12/17,597,19,-3.2,45,0,2000,259.65,0,0,0,Winter,No Holiday,Yes
5/12/17,418,20,-3.5,46,0,2000,259.75,0,0,0,Winter,No Holiday,Yes
5/12/17,415,21,-3.7,47,0,2000,259.85,0,0,0,Winter,No Holiday,Yes
5/12/17,393,22,-2.8,49,0,2000,261.15,0,0,0,Winter,No Holiday,Yes
5/12/17,244,23,-2.5,59,0,1210,263.75,0,0,0,Winter,No Holiday,Yes
6/12/17,145,0,-2.8,77,0,331,266.95,0,0.1,0.1,Winter,No Holiday,Yes
6/12/17,144,1,-3,79,0,293,267.05,0,0,0.3,Winter,No Holiday,Yes
6/12/17,117,2,-3,79,0,1862,267.05,0,0,0.4,Winter,No Holiday,Yes
6/12/17,78,3,-3.2,78,0,1808,266.75,0,0.2,0.4,Winter,No Holiday,Yes
6/12/17,58,4,-3.4,75,0,1982,265.95,0,0,0.4,Winter,No Holiday,Yes
6/12/17,87,5,-3.6,76,0,1934,265.95,0,0,0.4,Winter,No Holiday,Yes
6/12/17,142,6,-3.7,76,0,1864,265.85,0,0,0.4,Winter,No Holiday,Yes
6/12/17,379,7,-4.2,77,0,1741,265.55,0,0,0.3,Winter,No Holiday,Yes
6/12/17,802,8,-4.2,78,0,1518,265.75,0.01,0,0.2,Winter,No Holiday,Yes
6/12/17,440,9,-3.3,70,0,1324,265.25,0.25,0,0.2,Winter,No Holiday,Yes
6/12/17,307,10,-0.9,64,0,1224,266.35,0.63,0,0.2,Winter,No Holiday,Yes
6/12/17,381,11,1.6,57,1.2,1261,267.15,0.93,0,0,Winter,No Holiday,Yes
6/12/17,405,12,2.4,52,0.9,1224,266.75,1.08,0,0,Winter,No Holiday,Yes
6/12/17,442,13,4.2,47,1.1,1469,267.05,1.1,0,0,Winter,No Holiday,Yes
6/12/17,416,14,5.5,34,1,1966,264.05,0.96,0,0,Winter,No Holiday,Yes
6/12/17,412,15,5.5,31,3.1,1968,262.85,0.72,0,0,Winter,No Holiday,Yes
6/12/17,496,16,5.3,37,2.9,2000,264.95,0.36,0,0,Winter,No Holiday,Yes
6/12/17,239,17,4.1,60,2.5,1565,270.25,0.1,0,0,Winter,No Holiday,Yes
6/12/17,204,18,1.7,90,1,66,273.35,0,0.3,0.3,Winter,No Holiday,Yes
6/12/17,205,19,1.2,92,0.7,180,273.15,0,0,1,Winter,No Holiday,Yes
6/12/17,190,20,1.2,94,0.6,228,273.45,0,0,1,Winter,No Holiday,Yes
6/12/17,165,21,1.1,92,0.5,235,273.15,0,0.7,1,Winter,No Holiday,Yes
6/12/17,222,22,1.3,92,0.6,233,273.25,0,0,1,Winter,No Holiday,Yes
6/12/17,193,23,1.3,92,0.6,209,273.25,0,0,1,Winter,No Holiday,Yes
7/12/17,198,0,1.4,92,0.5,240,273.35,0,0,0.9,Winter,No Holiday,Yes
7/12/17,218,1,1.5,92,0.4,227,273.45,0,0,0.9,Winter,No Holiday,Yes
7/12/17,149,2,1.4,92,0.7,168,273.35,0,0,0.9,Winter,No Holiday,Yes
7/12/17,102,3,1.9,91,1.4,218,273.65,0,0,0.9,Winter,No Holiday,Yes
7/12/17,62,4,1.6,92,0.7,119,273.55,0,0,0.9,Winter,No Holiday,Yes
7/12/17,83,5,1.5,92,1.1,175,273.45,0,0,0.9,Winter,No Holiday,Yes
7/12/17,137,6,1,93,0.5,148,273.15,0,0,0.9,Winter,No Holiday,Yes
7/12/17,367,7,0.3,93,0.5,173,272.45,0,0,0.9,Winter,No Holiday,Yes
7/12/17,754,8,-0.2,96,0.8,173,272.45,0.01,0,0.8,Winter,No Holiday,Yes
7/12/17,415,9,0.1,91,0.8,265,272.05,0.14,0,0.8,Winter,No Holiday,Yes
7/12/17,321,10,1.1,83,0.7,311,271.75,0.41,0,0.7,Winter,No Holiday,Yes
7/12/17,333,11,2.3,69,1.7,628,270.35,0.63,0,0.6,Winter,No Holiday,Yes
7/12/17,431,12,3.7,65,2.4,833,270.95,0.98,0,0.3,Winter,No Holiday,Yes
7/12/17,394,13,4.1,37,3.1,1767,263.85,1.14,0,0,Winter,No Holiday,Yes
7/12/17,390,14,4.4,36,2.7,1975,263.75,1.04,0,0,Winter,No Holiday,Yes
7/12/17,430,15,4,35,3.1,1962,263.05,0.84,0,0,Winter,No Holiday,Yes
7/12/17,471,16,3.2,38,2.9,1817,263.45,0.51,0,0,Winter,No Holiday,Yes
7/12/17,552,17,2.1,50,2,1434,265.95,0.15,0,0,Winter,No Holiday,Yes
7/12/17,795,18,0.7,46,2.7,1558,263.55,0,0,0,Winter,No Holiday,Yes
7/12/17,507,19,-0.4,47,2.5,1269,262.85,0,0,0,Winter,No Holiday,Yes
7/12/17,390,20,-1.4,47,2.5,1620,261.95,0,0,0,Winter,No Holiday,Yes
7/12/17,402,21,-2.2,46,2.2,1975,260.95,0,0,0,Winter,No Holiday,Yes
7/12/17,389,22,-2.7,48,2.6,1844,260.95,0,0,0,Winter,No Holiday,Yes
7/12/17,259,23,-3.2,50,2.1,1887,261.05,0,0,0,Winter,No Holiday,Yes
8/12/17,233,0,-3.5,49,2.6,1893,260.55,0,0,0,Winter,No Holiday,Yes
8/12/17,230,1,-3.7,50,2.5,1902,260.55,0,0,0,Winter,No Holiday,Yes
8/12/17,131,2,-4.3,53,1,1918,260.75,0,0,0,Winter,No Holiday,Yes
8/12/17,99,3,-4.8,52,1.6,1978,260.05,0,0,0,Winter,No Holiday,Yes
8/12/17,71,4,-5.3,53,2.4,1936,259.75,0,0,0,Winter,No Holiday,Yes
8/12/17,84,5,-5.8,56,2,1941,260.05,0,0,0,Winter,No Holiday,Yes
8/12/17,158,6,-6,56,3.5,1853,259.85,0,0,0,Winter,No Holiday,Yes
8/12/17,387,7,-6.5,57,0.8,1776,259.55,0,0,0,Winter,No Holiday,Yes
8/12/17,780,8,-7,59,0.8,1559,259.55,0.01,0,0,Winter,No Holiday,Yes
8/12/17,395,9,-6.7,50,0.9,1492,257.75,0.23,0,0,Winter,No Holiday,Yes
8/12/17,261,10,-5.3,44,2.8,1516,257.55,0.63,0,0,Winter,No Holiday,Yes
8/12/17,310,11,-3.7,39,1.4,1595,257.55,0.93,0,0,Winter,No Holiday,Yes
8/12/17,355,12,-2,30,1.4,1728,255.85,1.14,0,0,Winter,No Holiday,Yes
8/12/17,354,13,-1.7,28,1.8,1963,255.35,1.22,0,0,Winter,No Holiday,Yes
8/12/17,350,14,-1.3,27,3.1,1906,255.25,1.12,0,0,Winter,No Holiday,Yes
8/12/17,362,15,-0.8,26,3.3,1977,255.25,0.87,0,0,Winter,No Holiday,Yes
8/12/17,401,16,-1.1,24,3.4,2000,254.05,0.56,0,0,Winter,No Holiday,Yes
8/12/17,500,17,-2.4,30,2.7,2000,255.55,0.18,0,0,Winter,No Holiday,Yes
8/12/17,752,18,-3.1,33,1.2,2000,256.05,0,0,0,Winter,No Holiday,Yes
8/12/17,477,19,-3.3,35,1.1,2000,256.55,0,0,0,Winter,No Holiday,Yes
8/12/17,384,20,-3.3,34,1.5,2000,256.25,0,0,0,Winter,No Holiday,Yes
8/12/17,336,21,-3.3,35,0.5,2000,256.55,0,0,0,Winter,No Holiday,Yes
8/12/17,347,22,-3.4,39,1.2,2000,257.75,0,0,0,Winter,No Holiday,Yes
8/12/17,275,23,-3.5,43,0.9,2000,258.85,0,0,0,Winter,No Holiday,Yes
9/12/17,267,0,-3.5,48,0.9,1967,260.25,0,0,0,Winter,No Holiday,Yes
9/12/17,296,1,-4.1,49,0.6,2000,259.95,0,0,0,Winter,No Holiday,Yes
9/12/17,237,2,-4.7,50,0.7,1983,259.65,0,0,0,Winter,No Holiday,Yes
9/12/17,169,3,-4.3,47,0.6,1992,259.25,0,0,0,Winter,No Holiday,Yes
9/12/17,96,4,-4.3,49,0.7,2000,259.75,0,0,0,Winter,No Holiday,Yes
9/12/17,56,5,-4.7,49,0.8,1999,259.35,0,0,0,Winter,No Holiday,Yes
9/12/17,76,6,-5.1,53,0.9,1975,259.95,0,0,0,Winter,No Holiday,Yes
9/12/17,127,7,-5.5,56,0.8,1950,260.25,0,0,0,Winter,No Holiday,Yes
9/12/17,222,8,-5.4,56,0.7,1940,260.35,0.01,0,0,Winter,No Holiday,Yes
9/12/17,291,9,-4.7,48,1,1784,259.15,0.23,0,0,Winter,No Holiday,Yes
9/12/17,273,10,-2.2,42,1.3,1646,259.75,0.61,0,0,Winter,No Holiday,Yes
9/12/17,351,11,0,45,1.1,1500,262.65,0.89,0,0,Winter,No Holiday,Yes
9/12/17,427,12,2.4,40,0.8,1809,263.35,1.05,0,0,Winter,No Holiday,Yes
9/12/17,431,13,3.9,36,2,1702,263.35,1.13,0,0,Winter,No Holiday,Yes
9/12/17,486,14,4.7,32,2.2,1948,262.55,1.06,0,0,Winter,No Holiday,Yes
9/12/17,569,15,5.2,30,2,1963,262.15,0.84,0,0,Winter,No Holiday,Yes
9/12/17,546,16,4.4,33,1.6,1963,262.65,0.4,0,0,Winter,No Holiday,Yes
9/12/17,481,17,3.5,37,1.8,1963,263.35,0.1,0,0,Winter,No Holiday,Yes
9/12/17,384,18,2.5,41,1,1974,263.75,0,0,0,Winter,No Holiday,Yes
9/12/17,275,19,1.5,48,0.4,1878,264.85,0,0,0,Winter,No Holiday,Yes
9/12/17,298,20,0.8,51,1.4,1848,264.95,0,0,0,Winter,No Holiday,Yes
9/12/17,321,21,-0.1,55,0.7,1654,265.15,0,0,0,Winter,No Holiday,Yes
9/12/17,289,22,-0.5,55,0.6,1655,264.75,0,0,0,Winter,No Holiday,Yes
9/12/17,265,23,-0.1,54,1.3,1570,264.85,0,0,0,Winter,No Holiday,Yes
10/12/17,326,0,-0.2,55,1,1629,265.05,0,0,0,Winter,No Holiday,Yes
10/12/17,280,1,-0.2,54,0.5,1747,264.75,0,0,0,Winter,No Holiday,Yes
10/12/17,243,2,0.2,52,0.7,1726,264.65,0,0,0,Winter,No Holiday,Yes
10/12/17,169,3,0.3,53,0.5,1748,265.05,0,0,0,Winter,No Holiday,Yes
10/12/17,71,4,0.4,52,1.6,1816,264.85,0,0,0,Winter,No Holiday,Yes
10/12/17,13,5,0.3,74,1,178,269.45,0,0,0.7,Winter,No Holiday,Yes
10/12/17,9,6,-0.5,90,0.9,91,271.25,0,2.5,2.7,Winter,No Holiday,Yes
10/12/17,20,7,-0.4,92,1.1,121,271.65,0,0,4,Winter,No Holiday,Yes
10/12/17,35,8,-0.2,90,1.2,378,271.55,0,0,4.1,Winter,No Holiday,Yes
10/12/17,31,9,0.2,90,1,305,271.95,0,1.6,4.3,Winter,No Holiday,Yes
10/12/17,19,10,0.5,91,0.4,143,272.35,0,0,4.3,Winter,No Holiday,Yes
10/12/17,58,11,0.9,92,0.9,137,272.95,0.03,0,3.9,Winter,No Holiday,Yes
10/12/17,119,12,2.3,88,0.3,245,273.65,0.28,0,3.1,Winter,No Holiday,Yes
10/12/17,182,13,3.3,87,1.1,230,274.45,0.54,0,2.1,Winter,No Holiday,Yes
10/12/17,235,14,4.2,85,0.7,325,274.95,0.65,0,1.4,Winter,No Holiday,Yes
10/12/17,180,15,6.7,63,4.5,715,273.25,0.35,0,1,Winter,No Holiday,Yes
10/12/17,214,16,5.4,71,3.5,622,273.65,0.2,0,0.5,Winter,No Holiday,Yes
10/12/17,226,17,3.6,65,4.3,1061,270.85,0.03,0,0.4,Winter,No Holiday,Yes
10/12/17,210,18,2,61,3,2000,268.45,0,0,0,Winter,No Holiday,Yes
10/12/17,181,19,1.6,53,4,2000,266.25,0,0,0,Winter,No Holiday,Yes
10/12/17,165,20,0.6,57,3.9,1954,266.25,0,0,0,Winter,No Holiday,Yes
10/12/17,167,21,0,59,3,1862,266.15,0,0,0,Winter,No Holiday,Yes
10/12/17,152,22,-1,56,4.7,2000,264.55,0,0,0,Winter,No Holiday,Yes
10/12/17,148,23,-1.4,43,4.3,2000,260.85,0,0,0,Winter,No Holiday,Yes
11/12/17,125,0,-2.5,39,3.4,2000,258.65,0,0,0,Winter,No Holiday,Yes
11/12/17,111,1,-3.4,36,3.8,2000,256.85,0,0,0,Winter,No Holiday,Yes
11/12/17,67,2,-4.2,35,3.4,2000,255.75,0,0,0,Winter,No Holiday,Yes
11/12/17,45,3,-4.7,38,2.4,2000,256.35,0,0,0,Winter,No Holiday,Yes
11/12/17,44,4,-5.2,35,3.2,2000,254.85,0,0,0,Winter,No Holiday,Yes
11/12/17,86,5,-5.6,38,3.2,1974,255.55,0,0,0,Winter,No Holiday,Yes
11/12/17,136,6,-5.9,39,2.9,1979,255.55,0,0,0,Winter,No Holiday,Yes
11/12/17,325,7,-6,39,3.1,1996,255.45,0,0,0,Winter,No Holiday,Yes
11/12/17,653,8,-6,38,3.6,1994,255.15,0.01,0,0,Winter,No Holiday,Yes
11/12/17,326,9,-5.9,36,5.1,1941,254.55,0.1,0,0,Winter,No Holiday,Yes
11/12/17,212,10,-5.3,32,4.5,2000,253.75,0.62,0,0,Winter,No Holiday,Yes
11/12/17,226,11,-4.7,36,3.8,2000,255.65,1,0,0,Winter,No Holiday,Yes
11/12/17,247,12,-5.2,33,4.6,1973,254.15,1.26,0,0,Winter,No Holiday,Yes
11/12/17,241,13,-5.4,32,5.1,1986,253.65,1.24,0,0,Winter,No Holiday,Yes
11/12/17,253,14,-5.4,31,4.1,1945,253.25,1.13,0,0,Winter,No Holiday,Yes
11/12/17,269,15,-5.5,33,4.5,2000,253.95,0.92,0,0,Winter,No Holiday,Yes
11/12/17,277,16,-6,40,4,2000,255.75,0.55,0,0,Winter,No Holiday,Yes
11/12/17,361,17,-7.1,44,4.2,2000,255.85,0.18,0,0,Winter,No Holiday,Yes
11/12/17,557,18,-7.9,43,3.3,2000,254.85,0,0,0,Winter,No Holiday,Yes
11/12/17,371,19,-8.6,45,3.9,2000,254.75,0,0,0,Winter,No Holiday,Yes
11/12/17,254,20,-9.3,49,3.8,2000,255.15,0,0,0,Winter,No Holiday,Yes
11/12/17,266,21,-9.7,51,2.5,2000,255.25,0,0,0,Winter,No Holiday,Yes
11/12/17,222,22,-10.2,50,3,2000,254.55,0,0,0,Winter,No Holiday,Yes
11/12/17,174,23,-10.7,53,1.2,2000,254.75,0,0,0,Winter,No Holiday,Yes
12/12/17,133,0,-11,51,1.1,2000,254.05,0,0,0,Winter,No Holiday,Yes
12/12/17,127,1,-11.2,51,1.1,2000,253.85,0,0,0,Winter,No Holiday,Yes
12/12/17,95,2,-11.5,50,0.7,2000,253.35,0,0,0,Winter,No Holiday,Yes
12/12/17,54,3,-11.6,50,2.2,1995,253.25,0,0,0,Winter,No Holiday,Yes
12/12/17,46,4,-11.6,47,2.1,1982,252.55,0,0,0,Winter,No Holiday,Yes
12/12/17,65,5,-11.6,45,2.8,1951,252.05,0,0,0,Winter,No Holiday,Yes
12/12/17,104,6,-11.8,47,2.5,1973,252.35,0,0,0,Winter,No Holiday,Yes
12/12/17,280,7,-12.1,50,2.3,1929,252.75,0,0,0,Winter,No Holiday,Yes
12/12/17,580,8,-12.3,52,1.3,1914,253.05,0,0,0,Winter,No Holiday,Yes
12/12/17,275,9,-11.8,46,2.9,1956,252.05,0.1,0,0,Winter,No Holiday,Yes
12/12/17,184,10,-10.5,45,3.3,1855,253.05,0.6,0,0,Winter,No Holiday,Yes
12/12/17,201,11,-9.4,42,3.1,1815,253.25,0.93,0,0,Winter,No Holiday,Yes
12/12/17,228,12,-8.3,35,2.9,1967,252.15,1.14,0,0,Winter,No Holiday,Yes
12/12/17,225,13,-6.9,37,2.4,1955,254.05,1.22,0,0,Winter,No Holiday,Yes
12/12/17,258,14,-5.4,32,2,1930,253.65,1.12,0,0,Winter,No Holiday,Yes
12/12/17,250,15,-5.8,30,2.8,2000,252.55,0.92,0,0,Winter,No Holiday,Yes
12/12/17,248,16,-6,29,2.8,1983,251.95,0.58,0,0,Winter,No Holiday,Yes
12/12/17,305,17,-7,32,2.6,2000,252.25,0.19,0,0,Winter,No Holiday,Yes
12/12/17,529,18,-7.7,36,1,2000,252.95,0,0,0,Winter,No Holiday,Yes
12/12/17,350,19,-8.2,43,1.1,2000,254.65,0,0,0,Winter,No Holiday,Yes
12/12/17,260,20,-8.4,42,1,2000,254.15,0,0,0,Winter,No Holiday,Yes
12/12/17,270,21,-8.8,43,1.4,1999,254.05,0,0,0,Winter,No Holiday,Yes
12/12/17,256,22,-9,45,1.3,1999,254.45,0,0,0,Winter,No Holiday,Yes
12/12/17,173,23,-9.3,47,2.1,2000,254.65,0,0,0,Winter,No Holiday,Yes
13/12/2017,168,0,-9.5,48,1.3,1996,254.75,0,0,0,Winter,No Holiday,Yes
13/12/2017,183,1,-10.2,52,1.6,1997,254.95,0,0,0,Winter,No Holiday,Yes
13/12/2017,120,2,-10.4,53,1.8,1949,255.05,0,0,0,Winter,No Holiday,Yes
13/12/2017,79,3,-10.9,55,1.8,1913,255.05,0,0,0,Winter,No Holiday,Yes
13/12/2017,41,4,-11.4,58,1.3,1907,255.15,0,0,0,Winter,No Holiday,Yes
13/12/2017,68,5,-11.5,58,1.1,1923,255.05,0,0,0,Winter,No Holiday,Yes
13/12/2017,109,6,-11.9,57,1.1,1974,254.45,0,0,0,Winter,No Holiday,Yes
13/12/2017,310,7,-11.7,53,1.6,1998,253.85,0,0,0,Winter,No Holiday,Yes
13/12/2017,591,8,-11.4,47,3.3,2000,252.75,0,0,0,Winter,No Holiday,Yes
13/12/2017,340,9,-11.1,46,3.4,1981,252.75,0.1,0,0,Winter,No Holiday,Yes
13/12/2017,202,10,-9.5,39,2.1,1875,252.25,0.6,0,0,Winter,No Holiday,Yes
13/12/2017,251,11,-8.1,35,1.8,1806,252.25,0.96,0,0,Winter,No Holiday,Yes
13/12/2017,267,12,-6.5,30,2.9,1945,251.95,1.17,0,0,Winter,No Holiday,Yes
13/12/2017,251,13,-5.8,28,2.9,1887,251.75,1.23,0,0,Winter,No Holiday,Yes
13/12/2017,240,14,-4.7,27,2.9,1883,252.35,1.12,0,0,Winter,No Holiday,Yes
13/12/2017,240,15,-4.9,26,3.1,1887,251.65,0.89,0,0,Winter,No Holiday,Yes
13/12/2017,278,16,-4.5,26,2.2,2000,252.05,0.56,0,0,Winter,No Holiday,Yes
13/12/2017,392,17,-5.6,29,1.7,2000,252.35,0.18,0,0,Winter,No Holiday,Yes
13/12/2017,537,18,-6.6,33,1.1,2000,252.95,0,0,0,Winter,No Holiday,Yes
13/12/2017,373,19,-6.6,31,1.6,2000,252.25,0,0,0,Winter,No Holiday,Yes
13/12/2017,263,20,-7.6,35,0.8,2000,252.75,0,0,0,Winter,No Holiday,Yes
13/12/2017,271,21,-8.3,39,1,2000,253.35,0,0,0,Winter,No Holiday,Yes
13/12/2017,271,22,-8.9,39,0.1,2000,252.85,0,0,0,Winter,No Holiday,Yes
13/12/2017,174,23,-9.2,44,0.4,1978,253.95,0,0,0,Winter,No Holiday,Yes
14/12/2017,171,0,-9.5,50,0.6,1953,255.15,0,0,0,Winter,No Holiday,Yes
14/12/2017,170,1,-9.8,48,0.8,2000,254.45,0,0,0,Winter,No Holiday,Yes
14/12/2017,107,2,-10.6,44,0.8,1903,252.65,0,0,0,Winter,No Holiday,Yes
14/12/2017,80,3,-10.7,48,0.4,1651,253.55,0,0,0,Winter,No Holiday,Yes
14/12/2017,52,4,-11,50,0.8,1718,253.75,0,0,0,Winter,No Holiday,Yes
14/12/2017,62,5,-10.8,48,0.8,1648,253.55,0,0,0,Winter,No Holiday,Yes
14/12/2017,108,6,-11,55,0.8,1541,254.95,0,0,0,Winter,No Holiday,Yes
14/12/2017,279,7,-10.9,57,1.1,1387,255.45,0,0,0,Winter,No Holiday,Yes
14/12/2017,621,8,-10.4,54,1.1,1432,255.25,0.01,0,0,Winter,No Holiday,Yes
14/12/2017,305,9,-9.4,44,0.5,1680,253.75,0.13,0,0,Winter,No Holiday,Yes
14/12/2017,189,10,-7.7,43,0.9,1555,255.05,0.35,0,0,Winter,No Holiday,Yes
14/12/2017,247,11,-6.1,38,1,1587,255.05,0.52,0,0,Winter,No Holiday,Yes
14/12/2017,278,12,-4.9,34,1.3,1768,254.85,0.6,0,0,Winter,No Holiday,Yes
14/12/2017,282,13,-3.8,32,0.9,1827,255.05,0.52,0,0,Winter,No Holiday,Yes
14/12/2017,294,14,-2.7,28,0.7,1857,254.45,0.65,0,0,Winter,No Holiday,Yes
14/12/2017,301,15,-2.5,29,1.1,1667,255.05,0.48,0,0,Winter,No Holiday,Yes
14/12/2017,335,16,-2.4,28,0.9,1878,254.75,0.35,0,0,Winter,No Holiday,Yes
14/12/2017,382,17,-2.9,31,0.6,1723,255.45,0.09,0,0,Winter,No Holiday,Yes
14/12/2017,612,18,-3.5,35,1.1,1414,256.45,0,0,0,Winter,No Holiday,Yes
14/12/2017,410,19,-4.2,40,0.9,1216,257.35,0,0,0,Winter,No Holiday,Yes
14/12/2017,277,20,-4.8,43,1.1,1397,257.75,0,0,0,Winter,No Holiday,Yes
14/12/2017,316,21,-4.8,45,0.8,1351,258.25,0,0,0,Winter,No Holiday,Yes
14/12/2017,309,22,-4.9,44,1.1,1369,257.85,0,0,0,Winter,No Holiday,Yes
14/12/2017,211,23,-5.6,53,1.2,1290,259.55,0,0,0,Winter,No Holiday,Yes
15/12/2017,227,0,-5.7,53,0.6,1262,259.45,0,0,0,Winter,No Holiday,Yes
15/12/2017,241,1,-6.3,57,0.4,1148,259.75,0,0,0,Winter,No Holiday,Yes
15/12/2017,162,2,-6.8,58,0.4,1089,259.55,0,0,0,Winter,No Holiday,Yes
15/12/2017,110,3,-6.9,56,0.5,1111,258.95,0,0,0,Winter,No Holiday,Yes
15/12/2017,69,4,-7.1,59,0.8,1058,259.45,0,0,0,Winter,No Holiday,Yes
15/12/2017,68,5,-7.5,64,0.9,989,260.05,0,0,0,Winter,No Holiday,Yes
15/12/2017,129,6,-7.4,64,0.7,906,260.15,0,0,0,Winter,No Holiday,Yes
15/12/2017,285,7,-7,63,0.6,865,260.35,0,0,0,Winter,No Holiday,Yes
15/12/2017,658,8,-6.6,64,1.1,791,260.95,0,0,0,Winter,No Holiday,Yes
15/12/2017,330,9,-5.9,60,0.6,691,260.75,0.09,0,0,Winter,No Holiday,Yes
15/12/2017,221,10,-4.6,52,0.8,648,260.25,0.34,0,0,Winter,No Holiday,Yes
15/12/2017,279,11,-2.9,46,1,809,260.25,0.42,0,0,Winter,No Holiday,Yes
15/12/2017,309,12,-2.5,43,0.7,895,259.85,0.34,0,0,Winter,No Holiday,Yes
15/12/2017,325,13,-1.6,40,0.3,868,259.75,0.32,0,0,Winter,No Holiday,Yes
15/12/2017,329,14,-0.7,39,0.8,826,260.25,0.35,0,0,Winter,No Holiday,Yes
15/12/2017,342,15,0.1,35,1.5,946,259.65,0.42,0,0,Winter,No Holiday,Yes
15/12/2017,354,16,0,37,0.6,994,260.25,0.13,0,0,Winter,No Holiday,Yes
15/12/2017,464,17,-0.2,39,0.8,1016,260.65,0,0,0,Winter,No Holiday,Yes
15/12/2017,682,18,0.1,43,0.9,1485,262.15,0,0,0,Winter,No Holiday,Yes
15/12/2017,451,19,0.6,41,1.2,1550,262.05,0,0,0,Winter,No Holiday,Yes
15/12/2017,320,20,0.9,42,1.2,1113,262.65,0,0,0,Winter,No Holiday,Yes
15/12/2017,300,21,0.7,47,2.7,1283,263.85,0,0,0,Winter,No Holiday,Yes
15/12/2017,296,22,-0.1,49,2,870,263.65,0,0,0,Winter,No Holiday,Yes
15/12/2017,247,23,-1.3,60,2.5,792,265.15,0,0,0,Winter,No Holiday,Yes
16/12/2017,217,0,-2.6,73,3.4,787,266.45,0,0,0,Winter,No Holiday,Yes
16/12/2017,302,1,-3.4,76,2.9,582,266.15,0,0,0,Winter,No Holiday,Yes
16/12/2017,228,2,-4.1,73,2.1,567,264.95,0,0,0,Winter,No Holiday,Yes
16/12/2017,129,3,-4.5,71,1.6,651,264.25,0,0,0,Winter,No Holiday,Yes
16/12/2017,80,4,-5,70,2.7,702,263.55,0,0,0,Winter,No Holiday,Yes
16/12/2017,45,5,-5.6,72,2,662,263.35,0,0,0,Winter,No Holiday,Yes
16/12/2017,66,6,-6.1,69,2.9,765,262.35,0,0,0,Winter,No Holiday,Yes
16/12/2017,90,7,-6.7,64,2.1,977,260.85,0,0,0,Winter,No Holiday,Yes
16/12/2017,190,8,-7.3,62,2.6,1112,259.85,0,0,0,Winter,No Holiday,Yes
16/12/2017,195,9,-7.2,47,2.8,1724,256.55,0.18,0,0,Winter,No Holiday,Yes
16/12/2017,201,10,-6.2,42,2.3,1893,256.15,0.52,0,0,Winter,No Holiday,Yes
16/12/2017,239,11,-5.2,30,4,1991,253.05,0.86,0,0,Winter,No Holiday,Yes
16/12/2017,252,12,-4.1,28,3.8,1998,253.25,1.08,0,0,Winter,No Holiday,Yes
16/12/2017,296,13,-3.7,23,4,1980,251.35,1.12,0,0,Winter,No Holiday,Yes
16/12/2017,292,14,-3.4,22,4.3,1966,251.05,1.07,0,0,Winter,No Holiday,Yes
16/12/2017,291,15,-3.3,22,5,2000,251.15,0.86,0,0,Winter,No Holiday,Yes
16/12/2017,258,16,-3.3,24,3.5,2000,252.15,0.54,0,0,Winter,No Holiday,Yes
16/12/2017,277,17,-4.6,26,2.6,2000,251.95,0.17,0,0,Winter,No Holiday,Yes
16/12/2017,212,18,-5.3,28,3.5,2000,252.15,0,0,0,Winter,No Holiday,Yes
16/12/2017,173,19,-6,32,2.4,2000,253.15,0,0,0,Winter,No Holiday,Yes
16/12/2017,143,20,-6.6,37,3.4,2000,254.25,0,0,0,Winter,No Holiday,Yes
16/12/2017,159,21,-7.1,39,3.2,2000,254.45,0,0,0,Winter,No Holiday,Yes
16/12/2017,155,22,-7.6,41,1.6,2000,254.55,0,0,0,Winter,No Holiday,Yes
16/12/2017,142,23,-8,41,2.2,2000,254.25,0,0,0,Winter,No Holiday,Yes
17/12/2017,175,0,-8.1,41,2,2000,254.15,0,0,0,Winter,No Holiday,Yes
17/12/2017,146,1,-8.4,40,1.6,2000,253.55,0,0,0,Winter,No Holiday,Yes
17/12/2017,132,2,-8.7,40,2.8,2000,253.35,0,0,0,Winter,No Holiday,Yes
17/12/2017,100,3,-9,40,3.1,2000,253.05,0,0,0,Winter,No Holiday,Yes
17/12/2017,41,4,-9.5,40,1.9,2000,252.55,0,0,0,Winter,No Holiday,Yes
17/12/2017,31,5,-9.7,41,3.1,2000,252.65,0,0,0,Winter,No Holiday,Yes
17/12/2017,39,6,-9.9,42,2.3,2000,252.75,0,0,0,Winter,No Holiday,Yes
17/12/2017,53,7,-10.2,42,2.3,2000,252.55,0,0,0,Winter,No Holiday,Yes
17/12/2017,94,8,-10.7,43,0.9,2000,252.35,0,0,0,Winter,No Holiday,Yes
17/12/2017,122,9,-10.5,38,1.1,1950,251.05,0.19,0,0,Winter,No Holiday,Yes
17/12/2017,142,10,-8.5,31,1.5,1997,250.55,0.58,0,0,Winter,No Holiday,Yes
17/12/2017,189,11,-7.2,29,1.8,1926,250.95,0.88,0,0,Winter,No Holiday,Yes
17/12/2017,216,12,-4.9,25,2.6,1966,251.25,1.08,0,0,Winter,No Holiday,Yes
17/12/2017,223,13,-4.5,25,3.2,1989,251.55,1.14,0,0,Winter,No Holiday,Yes
17/12/2017,268,14,-3.2,26,3.1,1933,253.15,1.07,0,0,Winter,No Holiday,Yes
17/12/2017,278,15,-2.5,28,2,2000,254.65,0.85,0,0,Winter,No Holiday,Yes
17/12/2017,256,16,-2.7,31,2.3,2000,255.65,0.54,0,0,Winter,No Holiday,Yes
17/12/2017,266,17,-3.8,35,2.4,2000,256.15,0.17,0,0,Winter,No Holiday,Yes
17/12/2017,204,18,-4.7,37,1.8,2000,255.95,0.01,0,0,Winter,No Holiday,Yes
17/12/2017,157,19,-5.6,39,1.1,2000,255.85,0,0,0,Winter,No Holiday,Yes
17/12/2017,166,20,-6,42,0.8,2000,256.35,0,0,0,Winter,No Holiday,Yes
17/12/2017,168,21,-6.5,45,0.7,2000,256.75,0,0,0,Winter,No Holiday,Yes
17/12/2017,172,22,-6.6,50,0.6,1990,257.85,0,0,0,Winter,No Holiday,Yes
17/12/2017,138,23,-6.9,53,0.7,2000,258.35,0,0,0,Winter,No Holiday,Yes
18/12/2017,151,0,-5.9,50,0.6,2000,258.55,0,0,0,Winter,No Holiday,Yes
18/12/2017,97,1,-5.3,48,0.4,1664,258.55,0,0,0,Winter,No Holiday,Yes
18/12/2017,38,2,-5,65,0.4,990,262.65,0,0,0.2,Winter,No Holiday,Yes
18/12/2017,32,3,-5.3,76,1,767,264.35,0,0.3,0.5,Winter,No Holiday,Yes
18/12/2017,29,4,-5.4,81,0.7,270,265.05,0,0,0.7,Winter,No Holiday,Yes
18/12/2017,27,5,-5.3,81,0.9,923,265.15,0,0,0.8,Winter,No Holiday,Yes
18/12/2017,45,6,-5.2,85,0.9,271,265.85,0,0.4,1.3,Winter,No Holiday,Yes
18/12/2017,96,7,-5,85,0.7,186,266.05,0,0,1.8,Winter,No Holiday,Yes
18/12/2017,146,8,-4.6,86,1.2,508,266.65,0,0,2,Winter,No Holiday,Yes
18/12/2017,52,9,-4.3,89,1,59,267.35,0,1.6,4,Winter,No Holiday,Yes
18/12/2017,36,10,-3.7,87,1,541,267.65,0.03,0,4.8,Winter,No Holiday,Yes
18/12/2017,44,11,-2.9,85,1.2,243,268.15,0.06,0,4.8,Winter,No Holiday,Yes
18/12/2017,62,12,-1.8,83,1.2,351,268.85,0.09,1.1,5.1,Winter,No Holiday,Yes
18/12/2017,76,13,-0.9,84,1.2,333,269.95,0.09,0,5,Winter,No Holiday,Yes
18/12/2017,116,14,0.5,76,0.9,364,269.95,0.17,0,4.2,Winter,No Holiday,Yes
18/12/2017,137,15,1.6,73,0.9,421,270.45,0.6,0,3.2,Winter,No Holiday,Yes
18/12/2017,181,16,1.8,76,0.8,410,271.25,0.47,0,2.7,Winter,No Holiday,Yes
18/12/2017,175,17,0.4,84,0.8,317,271.25,0.15,0,2.7,Winter,No Holiday,Yes
18/12/2017,281,18,0,88,0.6,277,271.45,0,0,2.7,Winter,No Holiday,Yes
18/12/2017,198,19,1.3,65,1.1,1122,268.65,0,0,2.7,Winter,No Holiday,Yes
18/12/2017,165,20,3.3,65,3.2,1172,270.55,0,0,2.7,Winter,No Holiday,Yes
18/12/2017,148,21,2.8,73,2.4,831,271.65,0,0,2.6,Winter,No Holiday,Yes
18/12/2017,160,22,1.5,82,2.4,537,271.95,0,0,2.6,Winter,No Holiday,Yes
18/12/2017,128,23,0.1,81,2.9,551,270.45,0,0,2.6,Winter,No Holiday,Yes
19/12/2017,122,0,-1,73,2.3,881,267.95,0,0,2.6,Winter,No Holiday,Yes
19/12/2017,122,1,-2,72,0.8,979,266.85,0,0,2.6,Winter,No Holiday,Yes
19/12/2017,93,2,-2.7,72,0.9,990,266.15,0,0,2.6,Winter,No Holiday,Yes
19/12/2017,55,3,-2.8,58,1.6,1315,263.25,0,0,2.6,Winter,No Holiday,Yes
19/12/2017,39,4,-2.9,59,1.8,1286,263.35,0,0,2.6,Winter,No Holiday,Yes
19/12/2017,55,5,-3.9,66,0.7,1209,263.85,0,0,2.6,Winter,No Holiday,Yes
19/12/2017,78,6,-4.3,70,1.6,1169,264.25,0,0,2.6,Winter,No Holiday,Yes
19/12/2017,165,7,-4.4,64,2.8,1367,263.05,0,0,2.6,Winter,No Holiday,Yes
19/12/2017,390,8,-5.2,58,2.2,1594,261.05,0,0,2.5,Winter,No Holiday,Yes
19/12/2017,199,9,-5.3,48,2.6,1810,258.55,0.18,0,2.5,Winter,No Holiday,Yes
19/12/2017,151,10,-4.6,41,2.8,1815,257.35,0.57,0,2.5,Winter,No Holiday,Yes
19/12/2017,174,11,-3.5,35,2.2,1742,256.45,0.87,0,2.5,Winter,No Holiday,Yes
19/12/2017,191,12,-2.5,31,2.6,1778,255.85,1.08,0,2.3,Winter,No Holiday,Yes
19/12/2017,189,13,-2.2,25,3.2,1970,253.55,1.17,0,2.2,Winter,No Holiday,Yes
19/12/2017,178,14,-2.2,23,3.7,1971,252.65,1.09,0,2.2,Winter,No Holiday,Yes
19/12/2017,195,15,-1.3,26,3,2000,254.85,0.91,0,2.1,Winter,No Holiday,Yes
19/12/2017,211,16,-1.8,31,3.1,1993,256.45,0.56,0,2,Winter,No Holiday,Yes
19/12/2017,256,17,-2.7,35,1.8,2000,257.15,0.18,0,2,Winter,No Holiday,Yes
19/12/2017,384,18,-3.8,42,3.3,2000,258.35,0,0,2,Winter,No Holiday,Yes
19/12/2017,276,19,-4.5,51,2,2000,260.05,0,0,2,Winter,No Holiday,Yes
19/12/2017,225,20,-4.9,55,2,2000,260.65,0,0,2,Winter,No Holiday,Yes
19/12/2017,224,21,-5,57,1.9,2000,260.95,0,0,2,Winter,No Holiday,Yes
19/12/2017,213,22,-5.5,56,1.5,2000,260.25,0,0,2,Winter,No Holiday,Yes
19/12/2017,149,23,-5.8,57,1.7,2000,260.25,0,0,2,Winter,No Holiday,Yes
20/12/2017,142,0,-6.5,63,1.5,1666,260.85,0,0,2,Winter,No Holiday,Yes
20/12/2017,172,1,-7.3,67,1.1,1593,260.85,0,0,2,Winter,No Holiday,Yes
20/12/2017,108,2,-7.8,68,0.9,1642,260.55,0,0,2,Winter,No Holiday,Yes
20/12/2017,71,3,-8.1,70,1.3,1557,260.55,0,0,2,Winter,No Holiday,Yes
20/12/2017,38,4,-8.5,73,1,1723,260.75,0,0,2,Winter,No Holiday,Yes
20/12/2017,56,5,-8.3,67,0.9,1566,259.85,0,0,2,Winter,No Holiday,Yes
20/12/2017,97,6,-8.2,66,0.9,1718,259.75,0,0,2,Winter,No Holiday,Yes
20/12/2017,213,7,-8.1,67,0.9,1737,260.05,0,0,2,Winter,No Holiday,Yes
20/12/2017,466,8,-7.8,65,1.1,1738,259.95,0,0,2,Winter,No Holiday,Yes
20/12/2017,239,9,-6.7,62,1.1,1749,260.45,0.09,0,2,Winter,No Holiday,Yes
20/12/2017,162,10,-5.4,56,1.1,1751,260.35,0.28,0,2,Winter,No Holiday,Yes
20/12/2017,204,11,-4.2,51,1.1,1772,260.35,0.4,0,1.9,Winter,No Holiday,Yes
20/12/2017,209,12,-3.2,49,1.3,1723,260.75,0.53,0,1.9,Winter,No Holiday,Yes
20/12/2017,228,13,-1.3,43,1,1777,260.85,0.8,0,1.7,Winter,No Holiday,Yes
20/12/2017,243,14,-0.5,44,1,1793,261.95,0.71,0,1.7,Winter,No Holiday,Yes
20/12/2017,240,15,-0.2,45,1,1852,262.45,0.41,0,1.6,Winter,No Holiday,Yes
20/12/2017,225,16,-0.5,48,1.1,1722,263.05,0.12,0,1.6,Winter,No Holiday,Yes
20/12/2017,237,17,-0.9,70,1.1,299,267.55,0.02,0,2.2,Winter,No Holiday,Yes
20/12/2017,329,18,-1.4,79,1.6,702,268.65,0,0.1,2.2,Winter,No Holiday,Yes
20/12/2017,190,19,-1.5,81,1.8,751,268.85,0,0,2.2,Winter,No Holiday,Yes
20/12/2017,165,20,-1.9,86,0.9,700,269.25,0,0,2.4,Winter,No Holiday,Yes
20/12/2017,197,21,-2,83,1.2,904,268.65,0,0.1,2.4,Winter,No Holiday,Yes
20/12/2017,184,22,-1.6,82,0.4,929,268.95,0,0,2.3,Winter,No Holiday,Yes
20/12/2017,153,23,-1.1,87,1.4,349,270.25,0,0,2.2,Winter,No Holiday,Yes
21/12/2017,166,0,-1.3,90,2,259,270.45,0,0,2.2,Winter,No Holiday,Yes
21/12/2017,189,1,-1.8,90,1.6,263,269.95,0,0,2.2,Winter,No Holiday,Yes
21/12/2017,132,2,-2.2,88,1.4,348,269.25,0,0,2.2,Winter,No Holiday,Yes
21/12/2017,79,3,-2.9,89,1.3,288,268.75,0,0,2.2,Winter,No Holiday,Yes
21/12/2017,58,4,-3.6,91,1.2,241,268.35,0,0,2.2,Winter,No Holiday,Yes
21/12/2017,49,5,-4.3,91,1.5,233,267.65,0,0,2.2,Winter,No Holiday,Yes
21/12/2017,84,6,-4.8,91,1.1,266,267.15,0,0,2.2,Winter,No Holiday,Yes
21/12/2017,178,7,-5.3,90,1.1,311,266.55,0,0,2.2,Winter,No Holiday,Yes
21/12/2017,423,8,-5.6,89,0.9,371,266.05,0,0,2.2,Winter,No Holiday,Yes
21/12/2017,265,9,-5.3,88,0.4,463,266.25,0.21,0,2.2,Winter,No Holiday,Yes
21/12/2017,169,10,-3,71,0.7,608,265.65,0.67,0,2.1,Winter,No Holiday,Yes
21/12/2017,243,11,-0.7,62,0.7,519,266.15,0.77,0,2,Winter,No Holiday,Yes
21/12/2017,290,12,1.9,40,2,1835,262.85,1.04,0,1.9,Winter,No Holiday,Yes
21/12/2017,285,13,3.2,42,1.8,1349,264.65,1.08,0,1.8,Winter,No Holiday,Yes
21/12/2017,255,14,4.3,47,2.3,953,267.15,0.96,0,1.6,Winter,No Holiday,Yes
21/12/2017,316,15,4.4,46,1.4,1113,266.95,0.78,0,1,Winter,No Holiday,Yes
21/12/2017,301,16,4.1,51,1.8,1112,268.05,0.48,0,0.9,Winter,No Holiday,Yes
21/12/2017,366,17,2.9,60,1.3,1193,269.05,0.16,0,0.8,Winter,No Holiday,Yes
21/12/2017,531,18,1.7,64,1.3,1140,268.85,0,0,0.8,Winter,No Holiday,Yes
21/12/2017,355,19,0.8,71,0.9,923,269.35,0,0,0.8,Winter,No Holiday,Yes
21/12/2017,288,20,0.2,72,0.7,990,268.95,0,0,0.8,Winter,No Holiday,Yes
21/12/2017,248,21,-0.4,74,0.6,1065,268.75,0,0,0.8,Winter,No Holiday,Yes
21/12/2017,252,22,-1.1,78,0.6,865,268.75,0,0,0.8,Winter,No Holiday,Yes
21/12/2017,212,23,-1.5,79,0.6,821,268.55,0,0,0.8,Winter,No Holiday,Yes
22/12/2017,196,0,-1.7,79,0.5,794,268.35,0,0,0.8,Winter,Holiday,Yes
22/12/2017,250,1,-1.6,79,0.6,784,268.45,0,0,0.8,Winter,Holiday,Yes
22/12/2017,161,2,-1.1,79,0.7,736,268.95,0,0,0.8,Winter,Holiday,Yes
22/12/2017,99,3,-0.6,76,0.5,789,268.85,0,0,0.7,Winter,Holiday,Yes
22/12/2017,64,4,-0.3,76,0.9,760,269.15,0,0,0.7,Winter,Holiday,Yes
22/12/2017,76,5,-0.2,73,0.8,880,268.75,0,0,0.7,Winter,Holiday,Yes
22/12/2017,114,6,-0.1,71,0.8,895,268.45,0,0,0.7,Winter,Holiday,Yes
22/12/2017,283,7,-0.3,72,0.7,919,268.45,0,0,0.7,Winter,Holiday,Yes
22/12/2017,544,8,-0.4,69,0.5,904,267.75,0,0,0.7,Winter,Holiday,Yes
22/12/2017,298,9,0.3,67,0.7,897,268.05,0.03,0,0.6,Winter,Holiday,Yes
22/12/2017,248,10,1.4,64,1,897,268.55,0.25,0,0.5,Winter,Holiday,Yes
22/12/2017,278,11,3.1,57,0.8,804,268.55,0.63,0,0,Winter,Holiday,Yes
22/12/2017,301,12,4.5,56,0.8,836,269.65,0.71,0,0,Winter,Holiday,Yes
22/12/2017,320,13,5.4,55,1.2,820,270.25,0.66,0,0,Winter,Holiday,Yes
22/12/2017,326,14,5.9,55,0.6,779,270.75,0.48,0,0,Winter,Holiday,Yes
22/12/2017,386,15,6.5,55,0.9,801,271.25,0.38,0,0,Winter,Holiday,Yes
22/12/2017,416,16,6,58,0.7,732,271.55,0.19,0,0,Winter,Holiday,Yes
22/12/2017,477,17,5.4,61,1.3,691,271.65,0.08,0,0,Winter,Holiday,Yes
22/12/2017,671,18,4.9,63,0.6,677,271.65,0,0,0,Winter,Holiday,Yes
22/12/2017,481,19,5.2,64,0.7,691,272.15,0,0,0,Winter,Holiday,Yes
22/12/2017,323,20,5.9,67,1.3,779,273.35,0,0,0,Winter,Holiday,Yes
22/12/2017,309,21,6.1,70,2.2,763,274.15,0,0,0,Winter,Holiday,Yes
22/12/2017,314,22,6.1,70,2.7,806,274.15,0,0,0,Winter,Holiday,Yes
22/12/2017,249,23,5.8,74,2.5,832,274.65,0,0,0,Winter,Holiday,Yes
23/12/2017,282,0,5.8,75,1.9,788,274.85,0,0,0,Winter,No Holiday,Yes
23/12/2017,337,1,5.7,75,1.7,706,274.75,0,0,0,Winter,No Holiday,Yes
23/12/2017,312,2,5.6,76,1.6,641,274.75,0,0,0,Winter,No Holiday,Yes
23/12/2017,230,3,5.4,77,1.6,583,274.75,0,0,0,Winter,No Holiday,Yes
23/12/2017,120,4,5.3,79,0.9,506,275.05,0,0,0,Winter,No Holiday,Yes
23/12/2017,59,5,5,81,1.2,425,275.15,0,0,0,Winter,No Holiday,Yes
23/12/2017,63,6,5.1,81,1.3,375,275.25,0,0,0,Winter,No Holiday,Yes
23/12/2017,99,7,5.1,82,0.7,334,275.35,0,0,0,Winter,No Holiday,Yes
23/12/2017,188,8,5.1,83,0.9,297,275.55,0,0,0,Winter,No Holiday,Yes
23/12/2017,239,9,5.2,84,0.7,226,275.85,0.03,0,0,Winter,No Holiday,Yes
23/12/2017,235,10,5.4,82,1.2,215,275.65,0.13,0,0,Winter,No Holiday,Yes
23/12/2017,282,11,5.7,81,1.1,192,275.75,0.18,0,0,Winter,No Holiday,Yes
23/12/2017,325,12,7,72,1.9,246,275.35,0.64,0,0,Winter,No Holiday,Yes
23/12/2017,423,13,7.7,68,1,249,275.25,0.58,0,0,Winter,No Holiday,Yes
23/12/2017,405,14,8.6,63,1.6,263,275.05,0.72,0,0,Winter,No Holiday,Yes
23/12/2017,443,15,8.6,64,1.5,269,275.25,0.57,0,0,Winter,No Holiday,Yes
23/12/2017,473,16,8.2,64,1,281,274.85,0.32,0,0,Winter,No Holiday,Yes
23/12/2017,453,17,7.7,67,0.9,264,275.05,0.11,0,0,Winter,No Holiday,Yes
23/12/2017,340,18,6.6,73,0.4,229,275.15,0,0,0,Winter,No Holiday,Yes
23/12/2017,260,19,6,76,1.1,219,275.15,0,0,0,Winter,No Holiday,Yes
23/12/2017,258,20,5.9,75,1.5,222,274.85,0,0,0,Winter,No Holiday,Yes
23/12/2017,279,21,5.6,77,0.9,212,274.95,0,0,0,Winter,No Holiday,Yes
23/12/2017,282,22,5.3,79,0.6,200,275.05,0,0,0,Winter,No Holiday,Yes
23/12/2017,237,23,5.5,80,0.6,185,275.45,0,0,0,Winter,No Holiday,Yes
24/12/2017,266,0,5.6,78,0.6,196,275.15,0,0,0,Winter,Holiday,Yes
24/12/2017,251,1,5.6,78,0.5,197,275.15,0,0,0,Winter,Holiday,Yes
24/12/2017,196,2,5.4,80,0.9,190,275.35,0,0,0,Winter,Holiday,Yes
24/12/2017,149,3,5.2,82,0.8,190,275.45,0,0,0,Winter,Holiday,Yes
24/12/2017,79,4,5.2,82,0.7,189,275.45,0,0,0,Winter,Holiday,Yes
24/12/2017,44,5,5.1,82,0.6,185,275.35,0,0,0,Winter,Holiday,Yes
24/12/2017,12,6,4.9,84,1.3,159,275.55,0,0.1,0,Winter,Holiday,Yes
24/12/2017,3,7,4.7,89,1.1,100,276.15,0,0,0,Winter,Holiday,Yes
24/12/2017,4,8,4.6,91,1.7,95,276.35,0,0,0,Winter,Holiday,Yes
24/12/2017,3,9,4.6,94,0.9,90,276.85,0,6.4,0,Winter,Holiday,Yes
24/12/2017,4,10,4.8,96,0.6,87,277.35,0.04,0,0,Winter,Holiday,Yes
24/12/2017,9,11,4.6,95,0.8,156,276.95,0.05,0,0,Winter,Holiday,Yes
24/12/2017,4,12,4.1,91,0.8,404,275.85,0.07,9.5,0,Winter,Holiday,Yes
24/12/2017,7,13,3.7,90,0.7,744,275.35,0.15,0,0,Winter,Holiday,Yes
24/12/2017,28,14,3.3,90,2.5,561,274.95,0.19,0,0,Winter,Holiday,Yes
24/12/2017,38,15,2.9,90,2,380,274.55,0.08,3.5,0,Winter,Holiday,Yes
24/12/2017,54,16,2.3,91,3.3,270,274.05,0.07,0,0,Winter,Holiday,Yes
24/12/2017,104,17,2.2,86,2.6,605,273.15,0.04,0,0,Winter,Holiday,Yes
24/12/2017,128,18,1.9,82,4.3,699,272.35,0.01,0.5,0,Winter,Holiday,Yes
24/12/2017,132,19,1.1,68,4.4,695,269.05,0,0,0,Winter,Holiday,Yes
24/12/2017,116,20,0.6,67,3.3,506,268.35,0,0,0,Winter,Holiday,Yes
24/12/2017,145,21,0.4,69,3.5,477,268.55,0,0,0,Winter,Holiday,Yes
24/12/2017,110,22,0.2,69,2.7,565,268.35,0,0,0,Winter,Holiday,Yes
24/12/2017,128,23,0,63,3.2,884,266.95,0,0,0,Winter,Holiday,Yes
25/12/2017,160,0,-0.6,64,2.4,1010,266.65,0,0,0,Winter,Holiday,Yes
25/12/2017,132,1,-1.2,57,4.3,1429,264.55,0,0,0,Winter,Holiday,Yes
25/12/2017,115,2,-1.8,53,4.1,1825,263.05,0,0,0,Winter,Holiday,Yes
25/12/2017,100,3,-2.3,52,3.4,1947,262.35,0,0,0,Winter,Holiday,Yes
25/12/2017,72,4,-3,51,3.2,2000,261.45,0,0,0,Winter,Holiday,Yes
25/12/2017,32,5,-3.7,51,2.6,2000,260.85,0,0,0,Winter,Holiday,Yes
25/12/2017,59,6,-4.1,50,3,2000,260.15,0,0,0,Winter,Holiday,Yes
25/12/2017,61,7,-4.6,46,2.8,2000,258.75,0,0,0,Winter,Holiday,Yes
25/12/2017,94,8,-4.9,44,3,2000,257.85,0,0,0,Winter,Holiday,Yes
25/12/2017,107,9,-4.6,40,3.5,2000,257.05,0.18,0,0,Winter,Holiday,Yes
25/12/2017,133,10,-3.7,35,3.7,1937,256.25,0.57,0,0,Winter,Holiday,Yes
25/12/2017,179,11,-2.8,35,2.9,1984,257.05,0.87,0,0,Winter,Holiday,Yes
25/12/2017,221,12,-1.6,33,2.5,1874,257.35,1.18,0,0,Winter,Holiday,Yes
25/12/2017,244,13,-1.5,33,3.8,2000,257.45,1.18,0,0,Winter,Holiday,Yes
25/12/2017,274,14,-0.4,31,2,2000,257.65,1.1,0,0,Winter,Holiday,Yes
25/12/2017,319,15,0.4,28,2.5,2000,257.15,0.9,0,0,Winter,Holiday,Yes
25/12/2017,272,16,0.4,27,2,2000,256.75,0.58,0,0,Winter,Holiday,Yes
25/12/2017,260,17,-0.7,29,2,2000,256.65,0.21,0,0,Winter,Holiday,Yes
25/12/2017,237,18,-1.6,33,2,2000,257.35,0,0,0,Winter,Holiday,Yes
25/12/2017,184,19,-1.8,41,2.1,2000,259.85,0,0,0,Winter,Holiday,Yes
25/12/2017,181,20,-2.1,49,1.7,2000,261.75,0,0,0,Winter,Holiday,Yes
25/12/2017,185,21,-1.7,51,1.7,2000,262.65,0,0,0,Winter,Holiday,Yes
25/12/2017,176,22,-1.3,53,1.7,2000,263.55,0,0,0,Winter,Holiday,Yes
25/12/2017,169,23,-1,55,1.9,2000,264.25,0,0,0,Winter,Holiday,Yes